model_type,features_used,train_rmse,val_rmse,train_mape (%),val_mape (%)
arima,N/A,1038601.9866566452,1047482.7768420703,322.9612850151618,94.64307831153937
sarimax,"['#3_Lag_1', '#14_Lag_1', 'UK EE Producer Prices', 'Fossil_Ita']",951747.5961124959,1574029.5895182895,164.12019150532655,77.86755991182483
prophet,N/A,,810006.4520385134,,70.02945837355958
LGBMRegressor,"['#3_Lag_1', '#14_Lag_1', 'UK EE Producer Prices', 'Fossil_Ita']",951205.2848835416,1037376.6512889042,323.52588941726975,96.00615480454978
