model_type,features_used,train_rmse,val_rmse,train_mape (%),val_mape (%)
arima,N/A,109923.40658546968,100010.27808468348,178.59886498870873,37.97175294733712
sarimax,"['#9_Lag_1', '#12_RollingMean_3', '#6_Lag_1', '#9_RollingMean_12', 'Clean_Fra', '#20_Lag_1']",141843.7251412892,310491.6699986307,596.7264621117938,112.72674838532764
prophet,N/A,,115556.51978945055,,43.81165654058138
