model_type,features_used,train_rmse,val_rmse,train_mape (%),val_mape (%)
arima,N/A,18768.40528510856,13410.826202262935,102.47147492813697,137.46670193557273
sarimax,"['#8_Lag_3', 'Clean_UK', '#13_RollingMean_3', 'Clean_US']",21526.277070278185,42080.370097509825,127.95525576557405,329.74612679830557
prophet,N/A,,15081.738675796296,,101.81261135702752
