model_type,features_used,train_rmse,val_rmse,train_mape (%),val_mape (%)
arima,N/A,13160.435819512608,22871.696931974777,3.825309143327381e+20,3.566229392542838e+20
sarimax,"['#13_Lag_3', 'Clean_Ita', '#14_Lag_1']",13899.746151775951,24414.637785334362,3.509058895241599e+20,8.936672405677297e+20
prophet,N/A,,22284.942420736887,,2.7044394272562233e+20
