model_type,features_used,train_rmse,val_rmse,train_mape (%),val_mape (%)
arima,N/A,8175464.475036016,3096606.963876512,18.58658069221523,7.022982569897672
sarimax,"['Clean_Fra', 'GER Production Index', 'Clean_US']",9800478.589393128,11868762.395343255,33.09883099061726,26.698797759944938
prophet,N/A,,3515061.89158761,,8.027691001908366
sarimax,"['Clean_Fra', 'GER Production Index', 'Clean_US']",9800478.589393128,11868762.395343255,33.09883099061726,26.698797759944938
