model_type,features_used,train_rmse,val_rmse,train_mape (%),val_mape (%)
arima,N/A,2533.3848649632823,5624.599743030206,9.07853076942362e+19,4.402881249588594e+20
sarimax,"['#36_RollingMean_12', '#12_Lag_1', 'BC_CHI']",2270.068233784491,2643.74609651089,5.872709054294992e+19,6.3246428598681895e+19
prophet,N/A,,2681.2756827129315,,1.2723109347862426e+20
QuantileRegressor,"['#36_RollingMean_12', '#12_Lag_1', 'BC_CHI']",2666.939868508233,1749.279645616065,4.0920287323917664e+19,7.047382816896931e+19
QuantileRegressor,"['#36_RollingMean_12', '#12_Lag_1', 'BC_CHI']",2666.939868508233,1749.279645616065,4.0920287323917664e+19,7.047382816896931e+19
QuantileRegressor,"['#36_RollingMean_12', '#12_Lag_1', 'BC_CHI']",2666.939868508233,1749.279645616065,4.0920287323917664e+19,7.047382816896931e+19
QuantileRegressor,"['#36_RollingMean_12', '#12_Lag_1', 'BC_CHI']",2666.939868508233,1749.279645616065,4.0920287323917664e+19,7.047382816896931e+19
QuantileRegressor,"['#36_RollingMean_12', '#12_Lag_1', 'BC_CHI']",2666.939868508233,1749.279645616065,4.0920287323917664e+19,7.047382816896931e+19
