model_type,features_used,train_rmse,val_rmse,train_mape (%),val_mape (%)
arima,N/A,49605.702592974056,30705.789139499502,140.7054505908473,895.429820405203
sarimax,"['#14_Lag_1', '#9_Lag_1', '#4_Lag_1']",50737.80246057949,287365.1089732554,486.8428633868975,6330.675949398508
prophet,N/A,,51887.42418963681,,1049.348756804427
NuSVR,"['#14_Lag_1', '#9_Lag_1', '#4_Lag_1']",50091.4434798352,13663.865525111472,125.68244582271602,254.27092095524557
