model_type,features_used,train_rmse,val_rmse,train_mape (%),val_mape (%)
arima,N/A,3416902.9199108193,2343443.5621253885,27.11215072469945,11.84614035614538
sarimax,"['#12_Lag_12', 'Buildings_Ger', 'Fossil_Chi', 'Clean_Fra']",4151099.929949163,4334877.859022829,27.726209439701087,23.214738118406707
prophet,N/A,,2417476.328277602,,13.205554946936928
sarimax,"['#12_Lag_12', 'Buildings_Ger', 'Fossil_Chi', 'Clean_Fra']",4151099.929949163,4334877.859022829,27.726209439701087,23.214738118406707
