model_type,features_used,train_rmse,val_rmse,train_mape (%),val_mape (%)
arima,N/A,9266.330500708824,7359.758231635995,2.612264280007612e+19,509.48694428971874
sarimax,"['#20_Lag_1', '#36_Lag_1', '#4_Lag_1', '#13_Lag_1']",11288.905492272288,8779.818795697252,1.4275085278990192e+20,251.26497866818468
prophet,N/A,,12632.73055952077,,767.6746798744664
KNeighborsRegressor,"['#20_Lag_1', '#36_Lag_1', '#4_Lag_1', '#13_Lag_1']",6416.755248442496,4680.467395828148,1.260925378096373e+20,207.87613134485156
